ServiceQuality_Driver,ServiceQuality_UI,ServiceQuality_Vehicle,Price_Affordable,Price_Transparency,Price_Satisfaction,Innovation_ServiceDevelopment,Innovation_Ease,Innovation_Response,Loyalty_Satisfaction
6.178345411044479,9.020578394574986,9.551292976226353,3.820886417130808,2.6146668860365176,2.0278569477940396,7.111575606563987,7.3482277379101255,7.686133309416814,6.894870043911067
7.82597038256766,9.02566301271009,8.106312803099001,8.900362115666612,8.301767150110603,8.03528885353787,7.54988345663984,8.126238181685737,8.404708855806781,8.672748439886911
5.773122227798209,6.7745870017576175,4.0037359060610305,4.848156674192914,4.831068663497219,8.02999433862307,8.364415008606993,7.9865864465266245,5.1631399773208395,4.596440915761661
5.424023170845269,4.945550344221867,4.5859784295648645,4.846083600144165,4.607786147667017,7.394278021995563,4.734896041677752,5.167081296184025,5.230567758829718,6.086615339303981
9.239984361203929,10.006191027832783,7.233411529007929,9.796727908452128,9.737626721369056,7.187714604705265,7.48591405427225,9.051755352392792,7.337442273100771,8.153399708442537
9.423840822743536,8.885961130720778,10.215753010072374,9.34681465388267,8.096875428994371,9.456090221878886,8.009283210149633,8.600423512237844,8.57437020251814,7.0780189185335525
8.065111855755182,6.971498401817725,8.072449355736623,10.121421671604027,8.000919123433455,7.523019759816206,7.715166260132728,8.193293598960123,7.358839533570903,7.090296197327297
7.692327089975658,8.248879092925685,8.229544847714223,5.727214263700643,7.049788656435439,6.078005494405166,7.095886092572993,6.4688313342507,8.691399472158405,6.745932057332477
6.0052928035909146,8.0079495527922,8.381648353935203,6.010461547705187,5.52568392139918,6.942021697350168,6.930361109968818,7.257944644778942,7.170109712843532,7.072643613529867
10.49408476062518,8.885528473699692,8.965014020083915,8.171466243227846,10.40295181312352,9.842896679594299,8.761780413558144,9.390302844367344,8.569822203476356,6.994580250527136
8.661497174574942,9.151421246621297,8.854536652353687,8.610536894207613,9.22407869952566,7.822919031246401,8.71022150776289,8.767705960075158,8.72135680606748,8.67855920047051
8.763481180339596,10.584432112512834,9.727695114702232,8.87731236669393,8.886211516264577,9.842060319999337,9.494631508999396,9.804993276728467,9.031727043909259,8.93443987924586
8.71845153024546,9.137831275715508,10.184500927349413,4.468175984175263,9.107892846590309,9.06801732012896,6.258656788845644,6.889848498470063,9.494438178955399,8.875775138722048
7.99638830459413,8.06178796008999,7.93178062073468,9.353687830959394,8.999601168800165,9.326513638084412,8.86144644936603,9.311475111202082,8.721840476387445,8.344168538958455
5.8199929412156095,6.813996509489875,8.097208152109248,4.69455930935675,6.950895138112816,7.220608152848791,5.948127956729142,6.8842096339896015,5.694201363043275,7.122474638580078
6.583633855988772,5.697353147643165,4.992084389434829,7.309680478027884,5.666180387409793,7.229459169474714,4.681528859319924,5.518442924525676,7.090646043104116,6.833488646149435
7.411422283910902,7.50505148337375,7.769516714522752,8.003553617658543,8.064748624103672,7.7097900740427425,8.136133752078646,8.514158213170317,8.116361085181603,5.987185998910608
8.888763117277858,9.428532765213232,8.799467925447509,9.771321461013228,10.448352703556878,9.567214846940688,9.708122611788768,10.079218789730584,9.253221874994649,9.824866576228544
7.433979308805426,7.723240635135541,8.194220659411755,5.127959170351614,6.4018121114472475,3.1506991125706776,5.796904259707959,5.185188186803531,4.717759524741738,5.063955575976409
6.72453199566335,6.988100711592429,8.38695916206328,6.163939372072556,6.9122551586190495,8.737609421942777,6.882480254318025,8.003721611499184,9.385410808816903,7.034042757681619
8.776442371994383,10.012579530846603,9.597363891742189,9.63178809448388,9.136838344672345,8.734372378985915,8.570601433095376,8.962783027867498,9.538707236537396,9.01066910769481
8.368696568338365,7.892968042064404,6.525444529870886,8.744794256794458,6.607741109371245,7.778889205633417,8.369825582644253,5.734928691724453,7.1854756418942705,7.9370278410497255
7.20834228785712,8.109017260383697,5.251774630529483,4.8861943643121135,6.268832207010689,5.67799020291296,6.266017250189758,5.933560293620364,6.05374978195823,8.222929272841029
9.747827874320267,9.335739896309141,7.626552261462832,9.085715098342428,6.559358186742401,6.556639954475411,8.730250376806318,8.767720475389012,8.016448424556144,7.468143846706454
7.93478998318118,9.10946758812747,7.838871388120582,8.343228639472027,9.579013446510238,7.099701982144891,8.36801816551121,8.838564621954983,8.98798775996403,10.049271951894154
7.8920644201302,10.104960912901184,8.193860391948077,9.002230439601222,8.721200936648232,10.157775762342357,9.939128586453533,9.667122562276633,8.909797318063879,8.867357359371224
8.039471175820376,9.664762900210315,5.8923735639656165,5.001210689282567,5.6145940325357095,5.107437332618952,6.798585443052907,8.508414875177609,5.702533559857532,6.777589615746525
7.132516670949597,10.24003985404659,8.20003113370251,9.759564473873338,9.892744306315683,7.103179173592971,10.60511918298047,9.762841085025029,10.162373640243183,8.029135773625883
8.518411469387402,9.065343064157638,8.045836327339627,9.333955899544192,8.084408480225388,9.57150504633044,8.103664646515796,7.80180223614227,7.973582123225582,7.929453974549927
8.851596889638486,10.517748284428963,10.004685219411355,7.872609116355166,9.265893572587693,6.956574115497609,6.630094828298623,6.872500346142484,8.625413680548137,8.706287102486066
9.374690083970258,8.705247723107211,7.98769228758597,8.890648386361676,8.171274857095712,8.177584872798196,7.689934521073131,9.568054735618464,7.706456106740863,8.045340214342737
10.062263352960443,7.645060261408109,7.652249302956818,7.785365894228891,7.187705703729831,5.506947662310117,8.238762365790175,10.23503528279058,7.830901351779255,8.057128969659692
8.614957858088156,9.423414211794247,8.361052629206675,5.052393091859246,5.921325387254176,4.028875726027677,8.254479289726104,9.37160033824365,6.685144092457824,7.209055000138366
7.85869237505914,7.092446977205729,8.093142534967942,8.975820656827182,9.323921619660519,7.0522190632436725,7.941140330875667,8.060894891647806,8.432759909283083,8.919305002624064
10.221448365748453,9.908535854914405,10.033076176986143,10.426789207437848,9.75065952843589,9.741433901062875,9.9242295591962,10.457481066947519,9.721132425600503,10.167187751775856
10.194117074518104,10.071243485404887,9.872894310600742,10.06051273116919,9.805620265673046,9.665589499069815,9.943739687904925,9.978024980801484,10.418392445284681,10.405258088741112
7.6860871231158105,8.684708453082784,7.816977360616906,10.34119408460794,8.432719289724153,9.241313038951438,6.922768318880439,6.65414827210244,6.728232523827056,7.950027495897954
8.779613108201032,9.199701645451238,7.745936283966729,9.81831101497443,5.804445049563649,7.145579010317506,7.750997289361103,7.726078396543494,8.323723269667076,7.467215525341032
10.023025253148292,10.263945636107204,8.218514090598298,8.599759284608007,7.992303147314784,4.944224758241275,7.39986071228705,9.817588794842285,8.16950668188623,7.984946850743061
6.34864402212521,5.660063595269405,9.340235253695996,2.6004531260967223,5.632764725594374,7.655167968152914,4.339770427787059,3.7661353832517026,10.185530872397269,5.865003526306655
8.30323990965469,9.2517979821629,5.8607339731324615,4.733054465978697,5.989349637533132,5.1149066434431765,8.24995274952781,7.303134141758347,8.116563943417644,8.968105770506877
9.940412150439888,9.06708452891928,9.527372523580738,10.148101953935905,10.30524872996531,10.301498327438889,9.989636670492118,9.938301771431114,11.011688774449544,9.921004858657783
7.738812611722,8.838579681982512,7.853858477813025,6.279260466256721,6.501974152187295,5.098033835371944,5.275126474562127,9.817011837961662,6.515067559678962,8.105841325642876
7.816577349428346,6.4844077444734936,7.735816970639967,5.897673157234178,8.356896849296664,8.937364000671042,8.30491858995444,8.456399772560019,6.324600355979439,6.898190596601362
9.255143024384532,9.441972248596905,7.89134308646895,9.459036872677885,10.344217158090167,10.388978691711975,8.624417072874374,8.562070833552553,8.989987297040377,8.611045345577866
8.090749332721668,8.394728019963658,8.0223204515614,8.958063442945223,8.51959848053582,9.2571827819146,8.281322258446558,8.139328722621073,7.9238973313947065,7.392202527757652
8.957927668831351,8.456972364100606,7.763357717318923,7.808070458655777,6.24675275168776,6.661594404651527,7.771039564412096,6.7816323881293865,8.175306090151302,7.846904828935712
8.246500633082105,3.9938688087463596,7.308489471059767,9.661170436618143,10.285889254737686,7.024133641198092,7.015823144411477,6.552442612447739,7.115776516696568,8.120949513848425
6.957781493303999,9.148507779026119,6.7793362522453995,6.8708767588285244,6.31602707509339,6.141624832745333,7.36469043795015,8.324494144506355,7.311004345516236,8.001753341596372
6.840338427293088,9.780923028798199,7.452932452280316,5.610238437748109,5.467937958970788,3.5690749572453937,7.934047888354667,7.531373359747578,7.054033816146768,8.306363058559135
8.55299483073519,9.799610239315916,8.237532780968042,4.819900875306794,5.349282841211522,10.079559929409779,8.04059941787748,9.665388153495863,10.152447137860653,9.94260979169536
7.733083455106483,8.825028718050095,7.369342940431524,8.671189684354763,8.350594468137277,7.814337989303039,7.811658416181302,8.759128283009037,9.08102480401941,9.587054935855656
10.088837689534264,8.672016721469507,8.606555766749915,7.00997897981024,5.170669991428566,4.580516960055607,7.857097563515959,8.816303077213997,6.877640364275423,8.578473502745357
5.206149503609853,8.065031897367177,5.253826465026444,9.528547697648598,8.997662039647992,7.0838472861599575,6.5275484340592165,10.275703741060044,5.906663996795199,6.8133493949600545
7.812672665649918,8.662528285501136,9.603181975230756,9.622709995701326,9.05695382195266,4.788068039121991,8.793640289023864,9.330762193378483,9.060411838875206,7.824285602345366
8.331935214276621,8.002721088603472,7.1891337706106055,9.130934682056989,7.008748764972618,6.624447392682711,8.090024769147847,7.995742955236971,7.569882896524256,6.963029998552892
4.717823997553756,8.95475410730795,7.026961233695927,3.9435365257349253,8.050145550312424,5.889608024898066,4.7974324858230135,9.558118997238799,7.682137139408871,6.587199201095494
6.670123470724481,9.444985713145094,10.132340681349284,10.180339585568172,10.270600897172265,9.584638187228162,9.273280307201382,10.60674014578744,9.91118960315482,7.4751508802510775
4.504942804258045,5.826654733121236,5.224209463607974,5.093153632416607,4.995695166683357,5.7461893906971415,4.866701754367888,5.090656029585721,5.291242652769366,5.0886346810661784
8.255666739429692,9.321141524405293,9.146366275782235,8.417201441450048,9.04123326576685,10.329923948402127,6.536688827259562,6.946117970518306,7.511491742843051,7.756746101342643
7.829863112541942,7.990192745387739,8.390310220840723,6.888454920246847,7.337012813783758,7.8743377676939375,8.393293879094,7.745180359221551,8.269126797484276,8.239362327166402
7.377467169808687,5.022840068027659,4.69126930323177,2.6004531260967223,2.907633792803906,4.968638686849856,3.7370711460113806,5.093013444625867,5.271094061875079,4.397425916580292
10.48254120705844,9.668741399634861,10.145037870070476,9.884300096495487,10.01067712920384,9.879596750484533,10.526719753927162,10.069685146956006,9.888934263774042,9.931081362901583
8.137055150979046,7.992306249709138,7.715999311999017,7.2767651049237365,8.230007136210622,6.963788426447083,8.615206686202182,8.280273013479029,9.478212664273148,8.349033579674995
10.051456249868453,9.81266156659513,8.796840906629951,7.774339050109676,8.18377098191396,8.675360141728897,9.16312111997771,8.63089087741081,9.19719287471857,10.378833668971446
10.097863683696051,10.425970135448386,10.513772227597945,10.050838296007289,9.992928871646278,10.310301481814067,9.371599807324714,10.369925012326384,9.719992451899353,10.110454642285111
8.327009854464883,8.76229257064532,7.0432947694992185,5.522968996874671,10.256485457358558,7.160286746189446,8.051829616520696,7.287671705576511,7.042328569222096,7.743881454273388
6.539325337553019,6.894965320175463,6.868278538562686,6.383848523513658,5.238300787095853,6.178700238634541,6.606610026210418,6.866880572964995,6.274342149402251,7.639860184258286
8.126707367741409,7.831749383631008,7.130416848238064,8.510403351603635,7.303271964912632,8.49378368411591,8.128241931621076,10.204886679613447,5.9883550760799125,7.996652604573551
7.66192297519549,8.308386317503391,7.114850769831643,8.260654294784567,7.727076858275664,9.345019000719503,7.017682452885768,5.6132972491605795,6.905821467125831,6.951735587932533
8.309723790975186,10.385899433999084,8.004171476701668,10.888762155990124,9.9599584453309,8.470463853026738,9.46473863889789,10.21426717603877,9.391145609903164,9.212306371381823
10.122468158059132,10.040230848313161,10.073833013836653,7.831015375900125,8.048660578327057,7.9986199460650935,8.849055359060843,9.14317659507828,9.128749584616058,8.34390957985019
9.00795324884523,7.14651759356952,8.02584409476391,6.519931758437322,9.240136397326525,8.147111460835543,8.183355317303949,8.724907442096132,8.134960190399347,8.937354623120354
7.265427402386853,10.300523893254155,9.091695032444306,7.480993177439714,3.655288725159449,2.0278569477940396,7.702316300709472,9.173543252575492,7.688726851669909,9.478954530057557
6.143172872254803,8.247788484562484,9.279901489483555,7.933648144598134,7.646536466453433,8.265806804664424,8.174990279161694,7.735937281187832,7.679811172793885,4.508767206408939
9.101650769960859,7.3217513025173995,7.96567700537329,7.5187480080092,7.365963248394005,7.163515993361221,7.336720953237651,9.147956220982243,7.826368623533776,7.224119681352018
8.019002325918589,9.363559899127367,8.060127695859752,6.762785917818966,7.886202730619491,9.113160902865266,7.867674020650959,7.889797607240142,8.180250829151136,7.764714445609181
7.914414367706869,8.678530766327862,8.26396240528573,6.9039402380238295,8.447864118016726,8.271876110732364,8.151705061332416,8.099130056758879,7.605918393106131,8.131948036294949
8.231461642958878,8.090806673718989,7.403660300236321,7.139622252659688,7.247467471587094,6.879617292293549,7.464920454889409,7.876530039831057,7.13087377697127,7.963350450916098
10.270455548369492,9.992010144464375,9.509469504898586,7.0160369689621005,10.13466260599913,8.83897854521118,9.001678746653843,10.255345082701444,9.593524549321291,8.436343208042747
8.42937120141302,8.234156158983131,8.647340103048615,7.7743511057445565,5.086128147126918,8.908346811519596,8.36607219173818,7.684281925502688,6.499158513598921,8.431426878387478
7.896851301595746,9.389710029476298,7.4152898196520525,7.905497522609831,9.215003240433905,8.44764762758541,8.366200782412735,8.93868793928926,7.5257141954294715,8.20142843187095
9.167105206254554,10.313805527242833,10.170114714011177,9.832694723677934,9.808946913436134,10.395980277623016,10.119472336675331,9.837698020971857,10.241768485574637,9.861846714819503
9.148944087359128,8.121449319120796,8.817738255310474,8.921887702464229,10.123661202043982,8.02444180647299,7.841774133429357,8.66204711128456,8.435279203592101,8.196261150157637
9.798297884333877,9.89415694456203,9.956307090726657,10.086672444215804,9.784233921245123,10.163333186027685,9.88654417667035,10.478019240070013,9.969231230356554,10.075154428824444
7.856255669262807,8.908815968785948,8.997184352046894,7.002979984885234,9.012414458368069,7.078540341294284,7.630878552670048,7.845568234886994,7.559940830921302,8.665564162939793
10.727049263920527,10.031879425601563,7.320442210164828,9.410621737634012,6.839686061275267,7.415865118474775,7.837106469977187,7.977569215476646,7.343171588719794,9.002927975104432
7.9993190325063726,7.130812879739068,8.33671637852971,7.672051780729663,8.331101711331776,4.376377431311657,7.21576328493435,7.990152627964456,7.8232484843469825,8.992656916458609
8.206810326594082,8.81370426982271,8.376925342624462,10.329383563834192,7.474443502339176,9.87721743023086,8.122469960294888,8.092786855219426,8.001998978426741,8.183246492775826
8.81320448045526,8.952846024290075,8.66471058065845,8.996928571060437,8.365655087804209,8.816743569507064,8.527431734120562,8.199164082015095,7.594664675617191,9.144191941537784
6.111149162535035,8.506905669273692,7.012281239667201,7.142543630571002,6.958355176030479,7.0281379580923105,6.271659457213103,6.971180663395099,5.821123233651058,7.264439071916437
9.605518129729726,9.958547690319607,9.794522194713855,9.866688092622878,9.810131917441833,10.468110605346483,9.71384899172906,9.846777734348771,10.32936932205781,9.987768410219235
7.687517230819419,10.308492580588027,9.455330432828063,8.170961204111832,10.11303876932604,7.983570470498033,8.820165025797039,7.956270589750247,8.237602905791015,7.461511126471934
9.025095612738484,9.247612072446943,9.099858968697585,8.897126267357631,9.455190719472338,8.772460225017591,8.694445253700426,8.688988568279676,9.31545040806414,9.500544275542428
9.655504755093379,9.629984931124048,9.108397299670669,8.876577124651032,8.290713581076204,6.7312467521926065,3.0715292868539708,6.986869189668408,5.1149406542951645,7.07836403604424
8.170109827172736,8.092054851537082,5.622173837734978,9.926021983312097,10.025445533436354,9.684328169850732,6.307784976735537,9.937878796520305,8.159699774092175,5.831728305405076
5.249686910870021,5.5527983834749595,5.018105921427842,4.939145597761366,4.406409312771448,4.8303476767574836,5.780367841732527,6.0236966953543085,5.925196423381686,6.146750451185636
9.681631231699583,9.574120494326914,8.885706372447553,7.316697784530204,9.874270363122696,5.814043158721504,9.378833051958095,7.15681383728735,10.128032254488893,7.727622495886412
8.499966548953262,9.470267002540695,8.758667038003729,8.102814870131223,9.697219000121196,7.7107583244591975,8.074249510348002,9.281130241436701,8.060325498534294,8.910413646277506
9.674113244569973,10.66692226898264,10.258092187603506,9.308816453221024,10.08778039462306,10.160900847378945,10.241632607504885,10.699680319848637,10.239752352748486,10.06466829478267
9.842393791601706,9.829347279905168,9.07546987820029,9.894275955653187,7.624171770581059,8.874661505900404,10.217251924800157,6.976034601475471,10.465539261954008,9.72690859673859
10.24335513696817,10.402913682334393,8.6176595848785,10.107865500352226,8.891869588908012,8.967831118912127,9.071513793304382,8.745155185841547,10.38732330112451,9.851479546514271
9.976272468398129,9.639586233734374,9.886473092436201,9.448679648789328,9.898918636690627,10.156865843312303,10.089359746595358,9.981083369111927,9.188483055678876,10.297180878782958
8.03652704099869,10.057009892178373,8.0785129080543,6.5978046095888,6.80775054136714,7.932152831585415,7.223172708839579,7.5509171227715965,7.778281655482235,6.848194476386855
8.49569966200793,8.122867561985506,9.84283063954403,7.587341957979979,8.854867190308207,9.841241013435642,10.094942344680238,9.560079953048279,8.598086711511527,10.060439246341025
8.34641998854441,9.049333746932092,6.303555100046663,5.574948008529462,9.298980703574104,2.0278569477940396,3.0715292868539708,9.180056625018615,8.483848333910991,5.538536244554675
7.099408659953437,8.170353091485236,8.346871760196102,7.9924251998037725,5.397283987287921,5.758444276055938,9.294229668689695,8.301326034895983,8.391645110996574,8.71714572160468
8.261823927142032,9.549788687702781,10.189701468778072,10.095628049073131,10.098846335205828,8.069089736360626,9.806592549534951,9.867808803186003,10.155193433011911,9.694604368796853
7.946605668635828,9.74686055835168,6.925757638275595,9.011488874495743,7.596589486692148,4.611078815867408,8.36759069961881,10.207723131075186,8.618524998607075,8.70072881729273
5.045257190791973,5.6884260655828705,6.875121919181988,6.298310098412598,9.112116570342067,7.6824667969880815,7.534166466269696,9.010559014487571,10.071814053333513,6.958334482633575
10.19134819834887,9.669566588150921,9.60981256144205,10.019069682032864,9.929927994292578,10.239140095135324,8.787457923731244,8.0639764828877,8.542718972713192,10.260427850763627
10.064974826436051,10.285004802524021,9.546082228382105,9.975056099956179,10.210891452471158,9.98686533393245,9.88034755942729,9.930758876499528,10.58557612630431,10.063931331060902
7.829142942757755,8.064696329594756,7.651301919201648,7.5385251567653855,7.812123917114154,8.303966873082706,7.709660500663725,9.426983490800097,7.074030583654163,10.138429773579759
5.873258125355399,6.843464174684707,9.704820448826945,9.666147063849793,10.000725515596095,10.324431081838023,10.035365893878065,10.28023226356542,9.705797752642768,10.271143957861423
9.967013939853816,9.708791517219566,10.17033348850588,8.81963179153645,9.787919660584208,9.033548250402111,10.197563307991066,10.080941962188161,10.365055072537631,9.125468984533875
9.588622497116049,7.629193321700129,7.818750993873979,8.337364076663933,3.1701141590343274,8.712826626175083,8.29260535119096,8.970548165175533,7.699600052206169,8.854096993522244
7.474193136104723,8.129573797892508,10.320481490803015,10.158157481423912,9.33038092701547,10.059469801901496,6.988433147894735,7.968284313273659,8.168370659478947,10.55869570968916
6.860270636775634,7.681683617982955,7.13126243511813,6.920627051732556,7.892344905960314,6.45536634700254,7.4396480137965435,8.442091478806155,7.732524821350814,8.131319210646993
9.512599875979793,10.004631197124223,9.352030556141038,8.079819117183483,7.928113051964275,8.810605079335915,8.812061612207328,9.06392398591943,9.23473897066139,8.791012630876056
9.346722152639263,10.651060881105131,8.778428790227057,9.580402855291673,8.706080936970567,9.962362289399323,8.509970864618815,10.402598209598292,8.099357459166091,9.852458377126347
10.429814303691783,9.94829777807333,10.244692177052414,9.995635768480042,9.927752773710136,10.189375429345647,10.172281100415585,9.717433466878314,10.235747806450899,10.138212456188153
7.865015463203076,7.636020848909048,8.154181820560432,9.265349265297495,8.251968078028353,8.385611140248766,8.479932974970746,8.124429656116682,7.956199479465073,7.8871007217584905
9.87852761857348,9.987557908578898,10.084727061736139,9.91844603746082,10.176958145063415,9.996452674248772,9.877889714264024,9.878809690821035,10.436289522873132,9.554811384947403
7.218616378653862,7.944313538479949,5.2868371637576566,7.862916289386009,5.472369064056147,8.289420962589702,6.175535815078289,4.647645437420299,7.604723472255929,7.5904403317136735
3.9722200085623127,3.9938688087463596,8.118064994928494,2.6004531260967223,3.9044497176521644,5.069414684061872,4.9591159751474345,9.7046480299641,8.416508464356356,5.152495319765954
4.1831419702396895,4.831340544180354,8.233419606119734,7.90492756083621,8.105541094764002,10.275933407216389,9.602196143809888,10.297510726747758,10.36221031636715,8.783228446605559
10.190072179965272,8.98755784337924,8.691109235565875,8.156593056495673,8.034051799075362,7.734502046870237,8.93545076784124,9.348269130597865,8.278393958595723,8.671824857573691
7.027055923378087,8.407171466849487,7.808669344363282,8.6597167904016,7.94820445314294,5.228251777267317,7.4340487000333075,7.087416711798405,7.215882436777994,7.12290132211523
8.048757200522843,8.959653419541153,7.738383645769321,7.576741774796633,8.403621678000889,8.69918464249756,8.005951933657634,7.8075126214234745,8.219660920701058,8.037359119555735
10.70962683771566,10.268141886069357,9.72642031944549,10.063619422297236,10.538844825215913,10.222063757915855,10.043990056133742,10.291409018213463,9.933908009217221,10.44317611490749
8.392978745612503,10.03571354376398,9.038813987060841,6.7846549203205795,7.8041215777655495,8.267337520806095,7.936218462218951,7.683824750142457,7.870789353166195,7.608742733640226
7.103895686242258,8.236545087337163,5.7252842727806925,5.860290372292152,6.978689719786333,8.027274274594232,6.0043269232836805,7.909566223145708,7.1100870580044715,7.535048710274943
7.560558369603992,3.9938688087463596,7.610977224428543,7.743355243438819,4.1056388947350095,7.138934365525875,6.192246846502719,3.792576676513914,6.21886162680896,3.7979484425365495
9.407793510198005,8.98735996196065,9.448128932095024,9.229731692017168,2.6146668860365176,8.083127797192304,8.138137335275532,9.687286266096846,8.509501604888461,8.980420573838835
8.206886391538808,9.563970212663513,8.389292625352896,6.42894594537506,10.159631695672267,6.8727427083321535,7.240646233136498,8.316376211122193,7.9169792590214385,8.40017929643469
8.377614815711242,7.1354090141169655,8.280387889369345,6.270905324504958,6.006260406994593,6.159181776607528,6.877109822102329,6.799018770942937,6.9594799855274685,6.641530508901501
8.113222499281843,9.269478259880612,9.096493906005295,8.908306025012521,8.113370328320672,9.079029873718062,8.119125424278607,7.534590246204013,7.302794646019541,9.199031237265402
7.806130997834959,8.348185333753769,7.988065725497916,6.867253448741171,5.941060179586667,8.46801699988277,9.343166691535641,8.367274341354351,8.39217723558487,7.663169995231791
4.444024788535684,6.784461993552875,7.023508407935602,7.02181070526445,6.071429563024516,6.655574781830832,5.040672686676627,4.923584789395066,5.951201675920591,6.967773628780955
10.18579226201587,9.590542260020785,8.509213710750785,9.324157956934805,8.950642267788263,10.217612222278785,9.15204215149755,8.79474858317082,8.9706881012885,7.669740368205495
7.771421567173653,8.095477601790082,6.475958227255536,7.339920026448136,7.278572330418549,7.044028934945807,7.9484349497833335,7.339835776536541,6.966831165569924,6.853301788927641
6.909083784515934,8.799045809772847,8.105700722748317,7.1562785844775245,7.5877336562796796,8.053859639979787,8.338798193173504,7.230446698657539,7.116366274802001,6.9524499309593
8.890395182416851,9.012776932371134,8.741467027718828,7.81871977885554,7.891065350755822,6.795554274511095,6.845486428727499,7.469936007114089,8.892773671133119,8.087335801568875
5.828601288545121,5.691206210716636,6.145410645565343,7.221221678388763,6.750147311472767,6.752255770962632,6.624829176287423,3.7661353832517026,5.918147541043655,5.483352961347487
8.248504975443767,8.329772725306531,5.67346455399347,8.56383370943109,7.141357401700151,8.802745475328122,8.03467400654199,7.561689796117974,6.336245234117994,7.1362513848350515
7.976219309371194,9.1558207154336,8.303201559260179,4.995508164946147,8.966785759556403,6.811566570514967,8.40942708107452,6.790160760234245,7.509137965451556,7.9369034617335705
8.045827487991067,8.053342317168708,7.400617996939604,7.421510408039494,8.122100268178645,7.015583738229787,7.89073934386545,8.138393582803987,8.285257659068519,8.050073425141342
7.474459444645485,6.811597963099285,7.487241806692844,6.937970091665104,7.094339621541106,8.378855021399284,7.274662299680078,8.951366919302462,8.20723052481662,8.759128635972273
8.522584600635243,8.055966323937508,8.259415622584045,9.137069652465842,8.460281144806245,9.951002475093693,7.8073777688847485,8.692940876039945,8.901023797651133,7.501482971392633
10.1960689537627,8.241389422124763,7.702096071311107,10.03637322937055,9.863785906016293,9.828646194837724,6.992611131548446,8.631107225988965,8.859970075711304,9.857650395076956
8.41732575119629,9.217489182818696,8.137973686645182,10.277432307162245,9.176058075318439,9.994840494307958,7.974561967454249,9.085654212877072,9.1501020464696,9.03238831403542
7.0918001822832855,7.425953816605002,7.372053101426722,8.234329072550787,6.297352911715466,4.101061880628677,7.523295607050062,8.565797357018909,8.113905553163296,8.302359120335137
9.26761898156131,9.68306187323819,7.71174131463764,6.945187652929469,6.028212327118114,6.948191217524016,4.971728113674003,10.315478908969183,8.392445710090657,8.60715819307306
5.2231400018838805,5.924904787695155,5.669581576578973,10.150678089901788,10.304771418656294,7.055765696106292,6.624904931196478,7.134117423174528,7.023876348525944,5.668185675586411
7.249294396754293,8.99958900401731,9.045798186330689,9.244206167497113,9.266924756029601,10.592703846084664,8.121766361548708,8.093073143318302,9.11388537549238,7.751571136678313
7.830499794787233,6.255982873042551,8.188180830211712,8.325745958766904,6.22866613171017,7.395571539915302,8.153932558660069,7.989615399750963,9.172980541017775,7.902456448160772
8.424248962324722,6.907795161836909,5.748651523318295,8.462716406010392,8.697917258987248,5.969749894918207,7.379718726728424,8.324867703149268,7.159140208831055,8.848864518439056
6.0439815244558845,8.747405368504433,9.254076747314379,6.930739260011748,8.677201082813715,5.4718627978254215,7.293212934551488,7.66793181166691,5.402279851906865,8.137602203633836
6.757150708463455,7.9989081794136165,7.959823358544863,6.5974201940037,7.859553484056328,7.323754342818957,7.240812980773586,7.923892232314572,7.629834866301399,8.546781757769173
9.102061385313851,9.11539086870799,8.604187352334662,8.825146045261393,8.800445424827247,9.151389397609051,9.181938770079272,9.13725586263698,8.664092038040195,9.509715934581067
6.71856731857427,9.507403018318234,5.27198307222528,5.208534867923367,5.1606967101930845,4.836777396454639,6.861053209484311,8.801985067915965,6.185578778462901,7.732663306786151
7.936657448272557,9.810200368362601,6.320654680019418,4.9353357999419005,3.6272470530047074,5.712669878805775,6.427951943795681,10.449908293563803,5.317297889447202,10.284350152771319
9.277496096663368,8.366696114916396,8.77174226693862,10.391735458786517,9.749689682415585,10.200657472709938,9.860448963770143,9.452312681860175,8.72224171222405,9.772312040579797
8.00555953412228,9.087283751426607,8.163505426193197,9.391126131873293,9.101673909401566,7.89834753273674,9.050082478256716,7.91381216790243,8.416298536816306,9.003291725739
6.875591193905492,8.249806369438701,5.91601185919651,4.0012901191594334,5.704632083816727,7.9793299299046545,5.806899912263851,7.947453252010619,5.816208506260837,8.40271887620698
7.17914587699849,8.18412406353376,8.131996561232581,7.121263586705815,8.022545005138522,7.12833717419004,5.4916021007116695,7.588454262182459,6.719316011282592,7.9296871900328565
8.132421565752654,7.807309769941058,8.808430608233511,5.830453979411971,7.839756804970337,7.307214449379294,7.901186810956309,8.56200035402748,9.064508156391991,8.006661323246824
8.12050220325891,8.287078077000565,6.722879460260827,6.767279336415435,6.884433654740346,6.445878802680164,6.662457290180488,7.07498244775753,7.333122988027778,8.32335039127691
9.538796311190373,9.009774122789219,7.939253278882392,9.07248713467729,8.67637214751009,9.157749387898217,8.818685890239419,9.178865017529413,7.957914108296806,7.971526042650329
10.224071482155987,9.756220856246047,7.045603381667379,5.853343948402881,5.970060089781272,4.646497092318555,6.389544851781535,5.620101605554654,5.852510468129545,5.992517868794954
8.072342442740357,10.235838897711023,8.914224477571421,8.022945824961432,9.673310808387555,8.144807732318197,3.4199736113145622,8.895794031286389,5.9096557958915295,8.899877118101179
9.164563834776452,10.207661075669902,9.417421296090934,7.703661068500228,7.302782466972153,9.291174666111141,7.792313398374558,8.9973161158859,8.367581918992693,10.116433286157374
7.646517837926358,7.670739340354987,8.293035377152778,6.68275354248476,8.588762137654713,6.639263143178294,8.076549781935347,7.158769637857711,8.327766525895964,7.767279614374859
6.222265107639319,5.925179106130352,7.132225028266773,5.089447954921968,6.13816944031326,5.904890068812581,6.097822242489489,5.465177899651124,5.571229197140082,6.428125574813395
10.576589555272843,10.370246882607821,10.549386519334673,10.16643201663875,9.855426299974233,10.035808811382259,6.817630223021646,7.169683558992173,7.3955167096624175,10.374445792633711
6.751039783210945,7.988836782008707,7.910051112324422,8.211303940473474,8.042380412951161,7.047822615095166,7.289874827897732,6.9790615535984735,6.7643618163348656,8.11285140033667
8.25331735850504,10.213834887810114,10.108477131579049,7.682085318665788,8.24030929924187,5.964974844683026,8.497356501695254,8.852443745661231,10.18764633034069,10.362520805729833
6.645822445022149,9.008693020992547,8.31024226137014,5.125747549318315,2.6146668860365176,9.823513843699516,6.669967409400705,9.417703071891692,8.481971338393771,8.305933309282668
9.055446407724238,9.54469373453576,8.29952462930008,5.87406969516466,7.960839146150663,8.030485238090165,9.069166205690692,7.881154950217332,7.868689782690443,9.9384099637659
7.30063540147134,10.166133076943773,8.283658042102365,8.221889586658977,8.09129440425501,8.203043244886365,8.32177731708712,7.753365445550076,7.636515960341386,7.566451089292024
7.891930866448392,8.235890441846774,8.344219150290577,7.460135695357296,7.1670173719560495,6.399935139788771,7.495155334378094,7.733044918941458,8.582329004734424,6.134087672634355
7.670092100824337,7.116300869280233,8.080689141934233,4.930326187158035,6.595004829463146,4.014523582618727,4.96884184445329,5.032879254568168,8.327582554267455,4.643996408252378
9.596689573581912,10.173824643156097,10.366198868568654,2.6004531260967223,5.200273657855921,5.375129951489145,8.355611189736292,7.825720330097451,8.14497186035604,4.29323440075152
8.369055879252251,8.8998632254699,6.363054818059625,8.171608033603361,6.991036333654001,8.452080638576447,8.338706041004034,6.1859609762108425,9.831537399415536,5.173472045152755
7.485010586938592,8.552163404149049,7.8146021274161415,8.096732830298933,8.252865736476995,7.118420465285324,9.074013851193525,8.180474943232296,7.761502939739066,9.03037432645184
10.36087592670225,10.283413272102413,9.97894728744955,2.6004531260967223,2.6146668860365176,2.3438677182426555,3.159717299746112,9.67027379062756,5.191438117273291,9.838232880839515
9.02400719044285,7.385678375043175,8.644186319656413,9.357257958587848,6.74201144997045,6.170110043947113,7.787610919605962,7.183140137934189,9.738147101730032,6.370117293960339
5.7456181982509715,4.948446431278014,7.553520798030312,9.780531810772349,9.317395471682396,9.952365267911714,10.403090771779997,3.7661353832517026,9.660844460843057,3.7979484425365495
7.329437384527922,7.446750078522113,8.712194180116246,8.180123875949445,7.744101268622084,7.917775734853304,8.25229131900082,7.994784791928071,7.758478994696826,8.068291126959235
9.65193136193972,9.60136520964625,9.17181999868817,7.834515290550805,6.938421778465772,8.078464163132425,8.44806769004549,7.996825467462194,7.630387629549954,7.941280129098816
9.68181972763337,8.762005428372943,10.128626331222662,8.976192800445641,9.287251507270001,9.60989288693956,8.302915825789823,8.630801982882568,9.564527974229621,8.226407360698445
8.340192284687145,6.050098270617401,7.9002445708862625,9.179005983090068,8.671978803139098,7.6497674180722175,7.655948545330284,7.379033920577072,7.668775995987563,7.638242103300598
8.136184427371477,9.73729958993568,9.085474372847354,10.461554614108755,7.9816063012219125,8.60402699174835,8.43412361187159,8.622008845114108,8.097448241827447,8.84323355104637
6.738999974939434,9.21234812934114,9.710893204474544,5.5889267467321915,4.83139633558678,5.3624290799748024,6.998833254916308,7.27606378240528,6.91696804355797,7.028114959718943
10.264361603925062,9.517118828465915,10.137634174971838,9.480935384000498,10.062028081713182,10.247537673318499,10.291791870035652,9.866254470140658,9.244239445470274,10.130702916768318
9.447638371906857,8.792988952265537,8.442777337799814,7.7822337228823235,8.85448931541532,7.755911245690433,8.001089552930946,8.801709790423674,8.87039716684549,7.06014901018437
9.84670412973851,8.968935541126001,8.188746414576624,7.490285979713816,7.637486749141499,8.0569992231016,8.639657789301516,7.9698644939950025,7.902270150596571,7.7628063812681525
6.862713105245739,6.999947922776581,5.729917780820897,3.593034067577606,4.974008800128075,2.0278569477940396,3.0715292868539708,7.23667657241243,6.477670089328463,6.871707620608043
7.0109681660010414,7.9008483245873276,7.06559887432911,7.990898826955505,8.669858848605509,8.151873109683754,6.658614631455926,8.97623545523851,7.3362414049691935,7.771402009952608
8.10115371348787,8.052526939581602,6.985403603948107,6.28819503206518,5.260230167932101,3.9749428478504356,6.127590736664384,6.412798857182061,6.924376712632583,7.999146533672069
9.054778255174428,9.600920808461446,7.113034788565126,6.969746348108348,8.28427697591169,7.570482191437307,6.0164084585438715,7.700712779682769,4.801801186618693,7.711699411815608
7.152071818661699,5.2547692647781625,5.610692770716205,5.007181477636046,8.311334236840388,6.168065199048528,5.686578253616471,6.1163573609123825,6.21667849064986,9.084588457246214
7.095560850669543,7.631132904178071,8.08340157283337,9.227743156727607,9.576676394840858,9.917693055924962,8.03779661154348,7.699556595128327,8.605788602146907,8.0396008881279
9.13812525359152,4.9078485712887225,7.820942741292145,5.644729007233366,7.509865638651438,6.589245074048359,5.134232997204156,5.804524648085148,8.551443829788678,7.628332333970905
5.735664248758636,8.240124396098308,5.803931947766916,8.688546981260146,8.722886911610454,7.066317081213294,8.666643850642794,9.04196214608017,6.412563910848211,5.370186100648008
7.064544333876412,5.885298152973178,6.348000501243432,6.059035044450086,5.831621433999748,4.920651632709481,5.8530173959586556,5.835890297589396,5.837108697427899,6.901541580231559
9.421877140331324,9.160725344073358,7.649419518475686,5.996022976185249,4.965679329780802,7.108225294097146,7.395910508594831,7.882664889026785,9.532686543139453,7.747905687556612
8.905249836752226,9.904958024925783,8.079638957899302,9.199123072959116,8.676928639016793,10.350655042808814,8.52744572497846,6.957188221499744,8.138678056059815,8.951458913226363
7.9724107685530825,7.099081927969521,6.937889984964092,9.944388476239528,8.970478159540875,7.975776435852531,9.166074262801189,7.566873640007023,8.40291792644971,7.183653772230821
7.6428487319298,9.746501708778192,8.464978693737136,6.927877710759033,4.23898249691631,8.624566807210009,7.948072499282883,8.232976104385894,8.778087951599902,6.722974440497685
9.226936563219704,8.97621374671285,8.596304972916567,9.126836968253917,6.779126915741995,4.660585504236202,5.439625503951199,4.680326777763589,4.427749927191186,9.210157572689026
6.138059191609789,8.226276011509098,9.140054440481366,8.214730219022918,8.631290703067318,8.027657023081664,7.924423431560176,8.231991938537188,7.950230350266282,7.9597361536743785
10.460501697249406,10.17074205557671,6.993660055493816,10.09290427209912,10.2530558711707,8.423916643094598,5.130612146677356,7.71639639323232,8.442056781817026,10.253648467079065
5.740470407628516,8.237884716193943,8.362195306479286,9.266064548489018,7.991391718041223,9.024453320950347,7.818148081141487,8.397989823415534,8.038703186232134,7.836615729588499
9.38663856085562,7.1605686150438075,8.512154608691878,7.061686522569548,8.941180949708757,6.870641642056967,7.323627821289022,6.891959051496798,8.039141106188564,8.741387090449429
8.865037809164612,7.481127924650297,9.729062269225032,9.919916574749115,7.0837999876794475,5.121425382088194,8.16294170914286,10.028138470788992,6.523503336348166,7.744717889534405
6.096156911996795,6.104840612564591,6.4609137262313,6.236433936855573,5.814603949545761,6.419485655288751,5.968144919728365,6.000610628135134,5.7846224339153425,6.195394709938154
7.733974595553628,7.825884525104441,9.74853850917916,10.44233413780376,10.17052980946793,9.807453474959019,10.161400364666317,9.247188577924403,10.154090461011494,9.958202072429659
8.696215778810203,8.305691616729241,8.441613276379849,8.981987526886634,10.001534892469408,4.992984476226711,7.541451751622145,8.198855449926855,9.297512410172246,7.7962104468373115
7.7829969189159165,9.739692541871346,10.130004591526882,9.911140478791092,10.090306190930635,9.715091202893298,9.068954306668578,10.138085929540908,10.046483093964667,10.030047573355567
10.612705587147609,6.492760337248806,8.81134512263614,7.197052997823384,8.672857828675333,10.08528978392206,9.480666578576415,10.441778264864508,8.023273992585667,8.246861381286815
7.585392730526024,6.621692458116252,8.492872932669531,8.51136124303484,6.8834847632603715,7.999554071708258,8.122551883738641,7.019078023321322,6.845133570101173,6.962324042495582
7.6909367912432405,9.66031048100962,9.136382105416619,6.8085428857963315,9.175985708278848,10.201658312278202,5.91893453758005,5.030319307533496,3.5951193853611265,7.438743780445142
7.605260548130451,8.93295699595138,8.705434292695182,8.821562021762512,8.228458916104971,7.4036594100780375,6.68760401675106,7.58920775874454,8.342261533238354,7.954046653524673
7.0998491525114344,6.465829435020991,6.985156605490152,6.807605916565363,6.870252901685221,6.957292130742686,6.576983632710908,6.976450193202992,7.027434089916689,6.787080342683185
8.134823190095384,8.32664322267134,7.409533610669397,7.9861939013558185,9.399685402814148,9.47625034685783,8.481150415373898,8.122155522551985,8.155476392778839,8.535831396163347
7.679225601164035,6.11805556100444,7.891264816428736,6.770809932967588,8.368330366061613,5.858670615165475,6.872208688229024,5.739408728671628,8.411834261794084,7.02844077695116
8.983938622058218,6.636005561483392,6.530402700410467,8.964487877108038,8.68339831048539,8.160924269324703,9.329976118737164,9.020480006166432,9.110938955424697,6.942557387822993
9.617223925228249,8.677631671966676,9.261154475515667,7.7449000231629395,9.862841905764062,8.932517289951418,8.387999136328641,8.472247166979395,9.577083800000288,9.450837011571814
6.261510103804773,5.81544005521648,6.256569271332315,9.204913555416631,6.1877716343588,6.884216106210184,6.350145477348688,6.175457249448155,7.89696941566444,7.598452471610574
8.113397503671479,9.093632579672063,7.1033632744877195,8.719919389357951,8.868554205999207,10.383284606757481,7.021177906056431,6.908040333644386,6.722149894361772,9.247997857561865
6.962989151267952,8.123100829708482,5.736982194191006,7.669565013898513,5.101748473526462,8.219232637174652,6.150884169998841,8.39803452561442,7.067798616572833,6.082518741211689
9.467984549134949,8.925389834672178,9.210898999532695,7.689332926663992,8.909843241803316,9.666490703959273,8.763341742247219,8.986115449721181,9.05131663875013,8.032539825483019
5.534811394105005,5.457449397750127,4.692219576095424,4.690712861966939,5.77906517173127,7.152565964280429,8.226334306276874,9.028519299687774,4.115269702676554,5.334598595114689
9.375681094334714,9.509858899433192,6.793642151968612,6.823325297477052,5.805571365665394,5.048840842709706,4.567031623828253,5.735932655930032,5.023886024624362,7.481153283634833
9.02615883262677,9.027244762379766,9.29325743162741,8.927973234490608,7.400916095728801,4.512838487369478,5.838634692440621,7.701815160395242,8.03460615773703,6.836350759536737
8.023434968232529,9.162298915397958,6.998789172495786,8.082829147910832,8.387875410120524,7.20375194293939,7.07071731780919,7.77053727878808,6.47464865474729,7.828306920602393
5.303476686493511,5.091313434841755,4.8499192975812315,2.6004531260967223,3.0746952971572385,3.7619855779792624,3.298289156968563,6.021726162193526,4.812754388457245,3.7979484425365495
7.936927101844161,9.198860878186645,7.961596844683888,7.43557747405651,9.133105469680281,7.94657280797656,8.88476315063134,8.068351886194403,7.896613921897483,9.281542381267831
6.895536403097799,6.9844240268830475,8.254023139589266,3.317531128236381,4.931828095064787,5.178653838134119,7.635504897493715,7.114208382590862,7.13893355113405,7.596860543817614
10.248615891154568,6.022723273034605,8.100265291215688,7.020874286665976,5.026242952191568,7.454569963868892,10.005893314715221,6.703192170485164,10.09065674333163,6.423712154607754
10.269385823409142,8.378511380309359,8.010957059165554,4.887350749476098,3.233161689233033,5.0422797348891235,10.181325284647293,7.825209361435417,8.350587804911198,9.804643707228207
8.023861228456509,6.675796713609733,7.852066699129491,7.745434724235508,8.082602156369214,5.792426360286704,7.031103375033738,8.5431007491402,6.666306231358514,9.126102901506757
7.333137544324746,6.168106408470863,8.600546699419523,8.951875373049358,8.35939404084255,4.8690756295327535,3.0715292868539708,4.061776785392431,9.345581441540068,7.7453308204062115
7.699642491182452,9.06539261906368,4.7744199673497825,6.177558948394557,5.7962177645549025,7.435614555405178,5.104349548082468,6.343876066740443,6.814695148425774,9.152201852035263
6.900425687451446,8.469153859071932,6.677549936233847,8.22018538082258,7.64640505494122,6.878877679122678,8.181397752035878,8.181279230490992,7.372889520489628,7.3253763020589995
8.306599398712166,7.84925432889291,5.273791774464294,5.625268282003815,2.6146668860365176,2.0278569477940396,5.0267232054076745,3.7661353832517026,3.5951193853611265,5.1313601196619345
6.602674970136624,7.9367015798113405,9.441543094029024,4.001675315986353,4.601950781389937,4.937167276092993,9.150409090180608,7.222448930695271,5.432313151989564,3.8644993592995993
9.165736897630913,8.892510225815236,9.146742599572846,9.046414942818283,9.126844517692904,9.910038620428633,9.296949972146704,9.218236516002166,9.43467935462087,9.064326865570933
6.434126044305797,6.645418210408916,6.7971728771984115,4.859290745425163,3.614157065830886,10.554370339014552,8.040567376136437,7.178554659014754,9.539891979309589,7.116876144194356
9.5916983504659,9.781774665519531,8.64992212788814,8.695280762300262,9.091202774731611,10.179164726917563,9.672151013365385,9.577459454075763,9.007333383907081,10.229164390718836
7.834593950571348,8.710443491281946,8.23711366668719,6.949848440607589,6.745171680118119,6.869176743749088,8.523549469409318,9.152308023877032,8.326111503062322,8.74429535220159
7.123693494697438,8.126661671240656,8.211046838258431,7.270907083265948,6.994445126111101,6.949572386192463,7.004979246785345,8.711795895791804,6.8936402092777085,7.628732778940257
8.958258820131599,10.07723465638396,7.48703483037479,9.06277844957372,9.406643580575542,8.120120661797788,5.957003142948983,8.947349094231186,8.726890129786545,8.949990339294562
8.416385431972756,8.934014617327342,8.873685315113438,7.59206523224508,9.384853522966123,9.296687125887894,8.71559458082062,8.656773111811143,9.237030707055853,8.08480143148583
9.949952942666469,9.684207728767625,10.284787472197474,9.693039387567929,10.247461947674587,8.737689606267686,9.439097582898455,10.117036553333373,9.906444208985324,8.913571423876093
8.026503322350699,7.799539280236449,8.081017129622536,8.098892216890121,8.991229385387589,7.766008011188613,7.702735041034338,8.020796133956782,7.8608916205372825,7.9040661552205185
8.211075404683903,8.43322118759504,8.863560145438084,8.020933654414886,7.104995394834075,8.16647184346249,6.561861588845787,6.478735891933154,6.813002481157363,8.059307496418105
8.048889649993585,7.927176566140985,7.875047069646659,9.164535892199245,9.261954746532451,8.005497220572527,8.16658934078915,7.909463718635262,7.276093664266635,8.192164489441462
8.677184293559636,10.374219661284734,9.349217312366184,9.812404577526836,7.519450644220993,8.774770996288328,8.196735067180626,9.319516116798928,9.017084143062366,6.4008827296874085
7.385748364723902,8.783536489866776,5.9197135223736685,7.46034959340981,7.021162519704014,6.001178309219017,7.80949562979426,7.568513671141356,6.407436106010899,7.9354235451889865
10.398202382925202,9.87015298437509,9.94816673513237,10.433665188111805,9.359178754249669,10.333710380293702,9.78212598961453,9.547063023292495,9.592769484404524,10.721159590657967
7.140199388260189,10.316128250628383,10.65259363480364,8.861792515022213,9.2927438819888,8.45555173634804,9.906023002776474,10.362877474811036,9.968410376559737,10.12789359472253
8.244128733387939,10.237583249507544,4.544142548650925,7.93053084588477,6.280027394574679,2.9586735114728415,6.957588926580742,9.019237562886646,6.069980608676733,4.120873467319139
8.01678584161777,8.731298110229659,7.721855871530019,4.0221006583658125,4.923556240037078,3.8078780115122712,7.068721800345273,7.865522059882132,8.976116029616179,4.839915711460701
9.116643328614074,8.801529382125109,9.815187933924545,6.63808124530738,6.504945543572782,8.561532170162643,8.44521423222097,7.444899501519789,7.938554132415737,9.14829590289647
8.318928655436467,8.229427655031177,8.131266287462244,6.158540895553582,5.850529549002327,7.4444884446623,8.02409054262039,5.861884487997731,6.532702693685426,7.350560407900223
9.053342294348917,9.981848609893895,9.641037379044475,9.250838737746514,9.878822071844283,8.888728160683096,10.312724100804402,9.666947586226396,9.651827284712033,10.011502111741795
8.387970161063368,8.589659384270895,9.145089075666554,6.473333452003617,8.716762725336807,7.895120080566186,7.93105957005001,9.099215850721846,8.945866355498943,8.456040994792117
8.115935092958352,9.970976515108239,9.85280024572206,6.168486371418977,8.392389962860369,6.513043594058107,6.591151773654654,6.892895912467297,7.893689288718394,7.581991853376055
9.851629614629402,9.881972027745531,9.876876238792626,10.667675252287939,9.83780384659258,10.55191106687608,9.065511032973795,10.327597576589243,10.413907160853302,9.231996703802746
9.303085417063036,7.582152190618061,7.735005699671545,7.797906410821795,7.961305949653333,7.8733098196393145,7.659520713986733,8.096244337594882,7.859006701581273,8.014081969933534
9.995917917557193,10.243975656270882,9.784388784565106,9.788006237749515,10.619222093048384,9.942578518092908,8.80416346230986,9.113001739577394,10.031800519345587,9.853304458550003
9.367136359774202,9.207253401974206,8.98384951835972,7.924062016416191,8.884441361920915,9.365985000822498,8.73308372692275,8.806801206517068,8.765705852475131,9.053503077611595
6.829070982191088,7.733174983839947,7.087225440895706,7.43693245313303,7.199686053178764,7.179000741311168,7.318037390688091,7.142180688460268,6.767189653988007,6.878363016608251
7.1862029397692,8.686625079163004,7.892081846194522,7.254225851728698,6.529528023584108,9.088577942089747,8.31643981084465,8.860355995046586,8.635158829727594,8.696660384011834
7.849684380228449,9.577214610786532,8.089289254877892,8.43857871658842,8.784195916473823,7.312964174405757,6.9176654247131095,7.295251641686316,8.296446045386817,7.832763759643119
9.51308551350939,9.589901612896156,8.819301274461433,9.136968970764814,9.837652706614845,5.201485820746438,8.850950703235666,9.081942515570121,7.8584790011324905,9.308001211485534
8.679617033519026,8.563607781822846,9.190128148525202,8.949376792409513,7.793750443443821,8.886314010215774,8.952949051549442,8.908427851738178,8.925342882398562,9.149330070626945
9.057066219050048,7.136941644432219,9.000877581126932,10.099726467083125,9.925969709937204,9.073282396454486,8.310270215127877,9.751235418280743,8.201989933185578,8.220835924543747
4.002117429793854,5.132111600635301,6.855125172164472,3.914875683654697,5.3316436857725,8.320454752896968,5.15875116628591,6.315281655703829,6.081577855193113,5.734960314394946
8.715332841805786,9.226428243738905,9.1982558393973,8.806785864585741,8.88615417216097,8.996161276520745,8.800982478274623,8.907282710130222,9.117391088063478,9.113917460618822
7.683030315551418,7.608065088936268,8.304019980957847,7.041470929240788,7.668744579670179,6.9957673562874545,8.242339654897986,7.0609957793258085,6.954534447180403,6.975826973862389
10.208698218158931,10.363058321534567,10.345138057008347,10.277596369560085,9.166902977494914,9.852750775983054,10.082721209398088,8.872276989725446,9.172332105826907,10.072348137553544
4.631978522227337,4.470072376905834,5.214615003532454,5.56407273408689,6.448095640599112,6.330325384884933,5.9536842929477976,5.711678531820416,5.633468486375155,6.336469427414092
4.7536787401004,5.139675678339428,5.27486516395682,5.14336409621644,5.203982975584657,4.681374806842832,5.4309388434387715,4.712847039370361,5.3606289909735745,4.659511859973278
5.6558655187348315,4.54032780308208,6.400089369141838,5.175481534044039,4.896921412933434,4.894330977848017,5.847218729024472,5.057529124410909,5.093206406060242,4.829819996877458
5.325305344207854,4.849202311949092,6.783084912278856,5.9983365502683315,5.4683110774164385,4.589922008595517,4.687526125764143,5.152092870542736,5.314224539575867,5.189969642791086
4.578624605667203,5.6101772780159065,6.187218821810526,6.453219695171387,5.380158161706786,4.932457974417694,5.854439894852852,5.784743669385777,5.044572155113926,5.958685409378806
4.939762376118157,5.15830087511083,6.234620102730893,4.661043140771621,6.7702478861558335,5.436213024944751,4.882869673414128,6.082166744025457,5.60215823881488,4.796811797460997
6.260078466438564,5.041667741334909,4.948054983963384,5.228155633476299,5.510690762872182,6.219328841601167,4.5496913449610386,5.561905305141377,4.736678969140606,4.746181481762945
6.293281953936299,4.460335236864106,6.19054620257304,6.075691773695595,6.01010608567998,4.979909658862597,5.6796403165509,5.841317116266581,6.396064638194937,5.413463182050424
4.878521718429945,5.919332538656798,5.06575002457041,6.09740277137821,5.066174093132819,5.765062558715329,5.910710507271376,5.091882077163734,6.204888379505963,5.185197594797696
9.290755190211186,9.200207762742068,8.17985494426688,7.999656712459238,6.856104664226399,6.7674390571385254,7.495430083271992,7.961542906007063,7.0185737046332095,7.815764206256706
8.168631024282714,9.628694047814689,7.82351071738637,7.944333831550622,7.9184063750537295,10.026230222261454,6.795840963335538,7.892048066316593,5.089307645734729,7.838291793033757
8.224917258946368,9.640319422932377,9.088976017815794,6.735826080862925,8.686350859701102,8.346706871156147,4.9661799189597735,3.7661353832517026,7.0202787170834915,7.145144915099377
4.740849831567994,4.088719886867741,3.967986410119316,4.174754269071293,3.848679663349989,6.337769141629981,3.687588675778374,5.278979633781549,6.888857530166052,4.63577663785689
7.524816281973063,9.58898239783377,7.600229059221023,9.528176718463794,6.862244360058343,9.544906775530958,8.841977812497799,9.080157567567662,7.059037129286104,8.292255636371454
7.696626926006571,7.797418522577921,7.0694690003441,6.999468453764393,6.112883143959,7.895737974966624,6.168238803399037,7.783670651879277,6.091113631909935,5.942369237044997
9.799161582142458,9.490475748524046,9.575530906944014,9.699361224344987,9.067868578769707,9.103520116178718,7.3807108847959055,8.098996420040832,9.545687092097054,8.502866325838946
7.921649777406807,9.658193238876272,7.369444401033423,9.320424961727229,5.760938826538375,4.956788351072671,9.128524001782775,6.667633296636994,5.838252120374181,7.14409446646018
7.913941719402206,6.784843548618163,8.230991291843731,6.9126897895383665,6.889290036835941,8.361580136618679,7.912027825017857,8.121473604651936,7.8135244202734535,8.320166600104868
9.385445406031504,8.686258310239028,9.265216509149806,7.181269756226274,6.822869341714718,6.90648774045578,7.19025349872384,6.783890425425028,7.397322931303368,8.071356133445564
6.667433570239402,7.310613683152359,7.048100593273112,6.506327603066785,5.735254697723923,5.188278311147126,5.6046437053555485,5.8867928183773754,5.965292126770717,3.837565735618476
4.754712148491619,3.9938688087463596,7.955268386250175,5.784043655040926,9.42448692364898,4.155031673326657,5.3627579204762315,7.102255881097542,3.9531343217618993,6.283441017053305
3.9722200085623127,5.379839733568032,7.2226765054190665,5.688429423202313,6.725617956118364,3.558120268620275,5.01558501100803,6.056414235653973,3.864374994730077,6.160156832322501
6.307376270337748,8.641358061777394,5.152847884333018,5.740303715631767,5.972029129999307,5.7548957718677665,5.961780617383381,6.2089081008710325,3.726101522481182,5.89335239878004
7.59223102603976,7.799205807861362,9.954965256496632,7.505074109424697,8.03004688147993,7.252141654346379,9.2779328605028,6.723601679397926,6.760706917138372,5.667993458299578
9.219632259942944,9.022929796529295,9.927525157700414,10.086550055828095,10.114762603605287,9.883698223182805,10.39305445686791,9.68102739932268,9.024901309615617,10.27007803886596
4.9320554910244825,5.824069533545426,4.698817857815289,5.245330052327699,4.977340029245192,4.914752221046114,6.051295510102046,7.374041642816964,6.2262180585012725,8.057152473702429
6.920359589609847,5.985717463981429,4.794963978553877,6.870607854743126,4.089247830464522,5.825307735095969,5.873107463479293,6.118631905687943,5.978389217584644,6.456451075727567
8.539258056554509,9.26492478666232,9.737077519767734,9.233887013017933,9.305161773153497,8.125518184725728,9.329925522671852,10.363270772707155,9.932711165394757,8.18147026793227
8.85365890489623,7.15763147753178,6.7159210833718355,7.8180161130730506,5.748455486492575,7.707682243355527,7.442744920361767,9.049296296165352,7.255801211160164,9.990717439662616
7.772581310028692,7.173906729284379,7.817944823623079,9.43826671928537,9.07164309469797,6.339686990660102,7.154382648947415,5.6380087441911275,8.425712878491504,7.065212573636131
8.14247612931305,8.011327565381228,8.266327057665599,9.115285592902538,8.451078407024402,8.107269691513666,7.798771981449429,8.402287484141759,7.8895687182137175,7.715546606555232
7.9153460381414895,7.705087282711476,7.512081251762619,4.785906291852536,5.430042255092848,6.027711341098789,5.961689878481891,5.64646536983566,5.330720536417084,8.377685071211845
7.800501772915416,6.069722127717554,7.6770308865486365,4.679951834568139,4.75433781064749,4.155116188855099,8.069717612768228,8.401043604809212,7.206038302826353,8.433135571694221
5.927106926675748,8.032411963653177,8.779154159506904,7.216214852144313,7.921058368653028,9.02942943033626,6.128091023546493,8.784266469022546,8.618826941187972,8.763597713075072
8.112948265154147,9.089127974927372,9.07182606061198,6.994684155628854,6.3057402535029965,8.814281744324923,9.112264249513933,6.916744014187929,8.141283163613423,8.406455042001456
4.818596495092576,8.238100119454563,8.903668062988759,7.006381723872243,6.951210437520459,6.586947992514604,8.411417130747289,6.681342412655717,8.191438648117519,8.249821344616278
8.925172079698,8.05108992056862,10.048111047812517,8.475923154992236,9.043256546890909,8.34368110382201,7.2173028929999266,8.512252214474252,7.909261351907275,7.768610874416472
8.148499948854557,6.857066735903184,5.154424352144974,7.370647526993861,6.955926241542939,8.537861067572136,7.507674056012929,9.648408497760656,8.740402808790405,8.454118133584554
7.003116783215051,7.501917648994233,7.378963801002262,7.091425345022373,7.647649321162301,6.6540509842127715,8.550086201964605,8.988615136675207,8.355497252124021,9.043006438652359
9.372078459239384,10.057069956636848,9.80414775582959,8.056110258191882,8.70232759921745,9.774464400995477,8.058815075566155,9.204173243455246,8.652007018457397,8.999178635033747
7.35595961336829,5.9139257268914,10.032097852769857,10.176677487138974,6.008441003958962,7.175700601668947,10.32254764584618,8.723870443310018,9.677181362095812,8.188657419793593
5.289631578535079,6.47696789087323,7.606353190962937,5.073311308866637,6.466580984716845,5.177252246648397,5.597436334665404,4.587970418098309,5.375500451558969,5.174807993119791
7.921276818126225,3.9938688087463596,8.70182494870769,9.080255678664544,8.05649084684801,10.38479097992419,8.12771386716913,9.561155465519311,8.503084302117266,9.233704177162064
9.903679576255145,10.43919864375931,9.858302204293388,10.185184120873705,10.098656623460773,10.90766590703441,10.19390554101475,10.018972787308245,10.45467122885417,9.502082217078335
9.136587816778823,8.44351145389451,8.724362275753691,8.792882798533237,8.750736296498618,8.629459879429762,7.365177811106238,9.235785860324741,9.283842613093398,9.09430753036608
9.397879136904795,10.043353065303684,9.388847126665409,8.809999437946416,8.229755442387452,8.734198556125833,9.884843411003065,9.21865380687443,9.118712603628337,9.588886586034658
9.915615739754692,9.009587451500344,8.305126161195085,8.295309364287597,8.568912957571275,8.813440662899625,8.438973881040056,8.203923295384973,8.051179080250478,9.021294074471745
10.068486423633274,9.119488323991586,9.259741849274754,10.181873816693598,10.564530456395643,8.917456861212179,9.761681586014275,8.67699552954542,9.101431698747378,9.352900994690396
8.59280469154966,8.825476411160636,10.46776290710722,10.06954970756726,9.166832756589889,10.257534168070714,9.54536453020089,9.473284095706186,10.007934041954412,9.99159822214836
9.018875287146196,9.278028578090144,8.62581795937491,7.975520579511768,8.524179795440743,7.6885936586881405,7.762425806965887,7.894507389507138,9.133335005803648,8.539794271301124
9.019754578791202,9.09794736430196,8.597642247328954,8.845967918350821,9.673298299770444,8.484324282537141,8.508476657861586,8.63241695349755,9.031480576315133,8.518535043279545
8.905626092844132,8.101052402470005,9.886870665222,7.335831016366579,9.676483585025105,7.2185822901814625,9.071952878232516,7.892885867198244,6.1144828882803575,8.421686002694797
8.182453531315767,9.044545846767514,5.464359443851296,8.926586887181594,7.102065802500582,7.777595174923526,7.453867798059591,6.977453250277699,7.707775191966545,8.629748796255932
8.027256681361745,7.866211534195482,7.634838144863772,8.140779116729888,7.719345339532583,8.047683720667218,9.036607374702655,8.427730787645984,8.320048314220271,7.502149100220681
7.174236850047927,7.72788555664078,6.1520187466489435,7.1363891717394194,8.076329009130601,7.836538356415639,7.08109041479173,4.903730601001254,7.77726557517756,6.167209794616198
7.813077584079438,8.037837815425435,8.57240377473414,7.033434774604064,8.335187302927975,6.297206120242787,7.164272824166604,8.077072613086587,7.237182241163632,8.091615623669238
7.979327720891031,7.8421485314518815,7.812866356038428,7.754674555699847,7.936746216532615,7.842871085850028,7.879862191633159,7.916471309849494,5.7103091270508415,8.118292019267145
9.882101502521811,9.92898133466227,9.88872014006116,9.972279093443666,10.182157057581351,10.230303656008882,10.104161788550101,9.672817079741604,10.223200238250556,9.923636230441181
8.166565039155968,7.499616716913447,5.097162617916398,9.303557847282677,9.50789426898672,3.4891233453176627,4.740583123160041,6.17088088143942,6.233878592858242,10.292321212892828
6.943384942944402,7.543946057409762,6.729541846162291,7.912270886947534,8.525460150055768,7.9448192160517355,7.153389023317686,8.166426035021054,7.049002045118512,8.09694749388404
10.334868876404121,8.454009964109838,9.97035550594917,8.718058734898484,10.024519252395123,9.209857973178615,10.321782450431863,8.46409564496093,9.936695917934129,9.966992820490805
7.105988345139794,4.425827036239866,4.020930555064841,5.343833492948439,9.042274380585022,8.273125882220207,9.572142372978478,9.989668735404713,9.48705502975188,9.38859443027289
9.20364533564056,9.755127803236668,8.66689797515175,7.059369133595018,9.09034826618763,7.452828172382892,7.669433605494362,7.97839322800124,8.947244813577855,10.269273506862337
7.858366179983569,6.868354836259122,8.390659402829353,6.8661539663653715,9.074227990767076,9.416230986123342,9.209842288440715,10.109948032374456,8.744272729579599,7.296529483058084
9.88280361130142,9.724374795816631,7.450736296603114,9.816860178226994,5.005559193212308,10.211347817112312,9.62058099961479,10.403196413941092,10.19796393481756,10.248047888919718
9.691637833142908,10.796111067508788,9.825375920783845,7.799607797368922,8.240924706018834,4.841445753230474,8.52614228043968,10.126778722152283,8.745533432138345,9.830881406769624
9.90147489096535,8.10620645359151,6.9665106867519135,10.72359878658469,10.67672269851223,9.88052362636444,7.581052455019785,8.169350474242975,10.528410626061167,9.919697685089739
10.866238736049713,9.381886403085947,10.131190930574807,7.991611063024424,10.482556926577672,9.84741768911478,9.426945537130662,7.6868553578235055,6.881681614826536,9.670493152985602
9.511490765854731,8.571985131747546,8.684775492637206,7.4641949592864325,7.8431493038276505,7.226308552464819,6.020792242172374,8.405131421602542,5.11907166078849,8.030114192514645
4.738786619681617,7.275555620719186,3.967986410119316,6.016646406718362,7.103233629581876,2.8057675454888167,3.0715292868539708,7.3092543614811625,4.777913353101065,5.8586778677353015
8.289531526392782,8.276114654628955,8.751433822462998,7.910122816045174,8.200422237265503,8.22236890336152,8.614762002252068,8.131895834964514,7.715842613215778,7.870008441307581
8.342250615353818,9.251266858705534,7.8373772082244,7.774249354941708,8.209793727816601,7.029138566492369,7.945777635279998,7.6412026788650875,8.163935508408914,8.095378739560246
6.874109230895933,6.104307922578676,7.050917218600391,6.873850833940453,6.1477810183332,8.552311327614781,6.073418548652637,9.310449971921106,7.652974047807057,7.671592594962794
8.448808390541748,9.782776580391923,10.12042741758918,7.768523843633161,8.329381394822462,4.664747967089706,7.890941884264859,10.197548525608532,10.137464615768812,9.310347484209384
8.21857205349976,9.887635711905467,10.238553215830517,9.545864370228038,9.432010581194472,10.291195237081022,8.734808484453362,9.885217365134002,10.244134644545504,8.079638854570678
6.425760066047431,7.267578689696937,8.062475427796382,8.95019253041184,8.585219973655057,7.947108346078639,6.25656332335259,6.7949782892946144,5.015148424762924,6.753123202813523
8.345849044970722,9.037586382442298,7.925635441920855,8.022576170508634,8.562924288603732,8.473539760576728,9.341832429140856,7.567660129958291,9.179141838244567,9.15212239394495
7.62288731015236,8.035880910555019,7.008327698467507,9.128170066701184,8.524958611813355,5.055786405352294,3.8545269710656767,4.51035961193111,5.808340093275499,8.237166968046457
9.165455468840548,9.824199486425702,7.951064940548621,8.615975748628735,7.020166129375501,8.141041825031085,9.034323261486717,9.002502385179906,9.53968248851557,8.06552102025284
9.80331892025297,10.05971991144751,9.981241513118139,7.811002118607983,9.00826282009104,5.204280308229607,9.985360401296504,9.16529388652881,7.651351286586184,8.063112542490988
6.487943527441068,7.7130585233346345,8.018139689634912,7.294700701211763,7.109662753221754,7.1017652450841835,7.213042721988498,7.1717889882129295,8.214385157844493,7.107938919320641
7.569368317498042,7.925821350641753,7.955973220712746,8.360571996434757,7.742055066829643,9.116360896150143,7.8949732337674545,8.87822330898958,7.73158630268281,7.781862350384147
7.8165683025800545,7.71646349667826,7.767867868634079,8.361234669507546,8.65874081297002,7.678029282930198,7.835921189846904,7.824471364790264,7.717052178009589,8.158768370448403
10.46518340741519,9.8792682919621,9.535905748384819,7.861471550803928,10.431510305069795,9.805627793218619,7.684638100931975,7.937670106553042,8.07604482611715,7.301390807809528
6.979564146464518,9.191780014772323,8.020529448256248,5.9421845926350745,6.849483184164396,9.652430783835975,7.624253310640332,7.220880868724027,8.852448749319231,7.913674277401413
7.983171472220211,8.946320996092345,9.519126193946482,9.710381704392677,8.0143813487833,6.435470009033299,6.097467001319067,8.566266978793719,8.335827050722381,7.306305969377102
5.1240975431579345,7.242394419467196,7.51388237400029,5.9600247291684445,8.735079193705587,9.106942578124277,8.187273253370936,9.793598380378189,8.582341289705441,9.667245279640003
8.374908732251628,9.07501062403864,8.6436631044199,8.03435002297834,8.395878315520138,7.341000392727641,8.799408734509631,7.238164963834543,8.182927334563024,9.042633772918633
7.711909665957286,6.5691978809570895,8.821707791368619,5.862607749202005,7.3039170145870065,9.12050685656559,8.132678327513338,6.780991985238411,8.190512144088016,9.946948363645967
8.091560452602575,8.92222978090013,7.802538750344924,8.738748054847614,8.8636363514464,8.86746122552574,8.236660563680704,9.795620786514798,9.980060693484946,10.002097426624426
9.084371524225187,8.267719536500044,7.224375302756205,7.883132959063813,8.653840668956084,7.124525436188109,8.324080625842047,7.37263429655196,6.952209622337367,9.015537391822443
9.937083351299975,9.030452388667127,9.197768830733573,6.598642596588962,6.968049002283891,7.7234009017295655,8.115544225510746,9.279904174014344,8.26612895679038,7.201911204812734
8.002295278223997,9.148978857671555,9.222375187383108,9.849727695998535,9.865652595039233,10.2793679442339,8.414091992805881,9.133072007561845,8.769556300991628,9.594851816124182
5.211788156173848,5.954040351773663,6.244221680070351,5.902277152638054,7.469643010967129,6.204222576933715,8.389544263857223,7.354745513106607,8.632079210315887,9.144179916543402
8.047123467655505,9.372911954884321,9.190964009306581,8.987849641569314,8.77590157593164,8.06159759982633,9.497549613942988,7.755908510695281,8.135469907135654,7.739113812098404
7.708888376130231,8.703201697186774,8.522626655524276,7.007177324647172,8.718008692326967,8.924940313019956,9.048467345845292,7.60151069480601,9.082528921139392,7.805991281012825
7.874103799542438,8.721319045548386,9.326501585680923,6.7230625928259995,6.743772734431572,8.623354089807814,7.975439081199831,9.119662457338514,8.378895656980983,7.619880218256479
6.713690633111649,8.945534231686581,5.721604053747014,7.849452414623764,7.8647356449050365,6.759161618877299,6.938151923373842,7.6740725567528845,6.314711386759146,7.3305106143730265
6.692104898065841,6.252830956065094,8.484099756139427,9.614420447768817,8.743370358968376,7.697082063774998,8.198180344431595,9.456849055341065,9.127399762457113,10.02243914979131
8.955455925483916,8.202127206530896,8.644468226085406,8.098010569319571,8.446954956948309,9.443757355817159,7.912929314904676,8.888600946921247,9.589214965928992,8.269283357383769
8.658231570340622,8.870140847149216,8.617842226552632,7.846069222102359,9.991641311886712,8.636383158650954,8.384598019854321,8.722135800868395,7.882325360194705,9.006197615937207
8.818382253544632,9.464150079870512,9.953633191274657,8.241065502006743,9.060755153797212,9.373649029781424,7.999499266820197,8.886772752992895,9.24530634273103,9.111417136314065
9.217132865484768,8.2481020629863,7.531412090064082,8.945132234098672,9.029309921968698,8.262794134259241,8.55444708458107,7.913473496973184,7.757173872432801,9.657991200057689
8.00087455811367,9.158990923769098,7.1572551049760085,9.666993129843448,6.135986514959574,5.1244225856115,6.9333471795182895,7.9069044428199575,7.3197213056616075,7.683180586483408
9.84198019420048,9.224635747793734,8.327987905265186,9.65635771708578,8.839032103954725,10.00826765737163,7.962633855973838,8.594850685102859,9.996038486376325,8.203572094479508
7.029374520162721,7.7647319744513705,8.250295223711582,6.009320388182401,7.627215559797931,7.873279695377643,6.896109595126727,6.9992414328183825,4.651741719182219,5.899605888013087
8.958847875770903,8.426576119154431,10.311747916643606,7.820354834524229,8.117886637594433,8.95713755978182,7.0669427799642115,5.87237025318992,10.276505106932047,8.3791536434496
8.762031761363057,8.394821395024342,8.785010333258162,8.905107983120887,7.778286327374133,8.056124622145528,10.10337841378492,7.684782584929779,8.957824833840812,8.830262209068087
7.131511954575985,7.964682681740896,8.860909519293303,7.497807324666568,8.059773627217622,7.013096369022154,7.8709188807655055,7.306847200695823,9.144117924108022,7.112590426995965
8.730397835735506,7.949151782972472,10.077813493454302,7.93915471130344,8.093899200536848,9.34997396716141,6.81878654587213,10.046388309471212,8.805222888725792,7.040168446851827
9.76276846261468,8.053939640929954,10.025930583949647,7.136215297208632,8.89195243966628,8.340603299119888,7.851493207851696,8.304334862617155,9.037070873264808,8.835813638794432
8.12128254516525,9.14570206494951,7.801703260929199,4.842040782511972,4.943363640790036,2.129417825706161,4.929435398455642,6.167372711224176,6.266330718231455,6.17842694306834
7.630908954859287,6.871581275123869,5.820741162991548,5.008241963391516,6.276864966113105,6.161847467049354,6.032464990666648,5.947043045540452,5.979737785616661,6.722780893279363
7.919075456197937,9.232509843366156,8.32257006380618,9.48887367276048,10.29548594865812,9.098087746929671,10.173969579381021,8.822228513859748,8.802539999418695,9.901471573805809
7.032794232937847,8.101802655819478,8.95027024673613,9.088036882234698,9.423918213442757,8.659397527547275,7.508041944998285,8.134557969913107,7.1294550726981285,8.334428988673867
7.9708857742189645,8.312224704109292,9.028604025624663,9.492141299691053,8.913173225077463,9.309543940809633,7.915186582939408,8.175091355096562,7.117784430709788,8.198849622300315
7.703201778439388,8.93495056356375,7.703592341252018,8.403523964705428,7.923460920807302,7.696317964526991,8.309384462165681,8.119574766647991,7.955545413973134,7.8613560284033985
8.273407006076747,8.126387984858344,5.749866120641967,5.194995161415837,6.198434723131342,8.222847818345816,6.861227506311844,5.7772267946748315,5.607291506784309,7.966569692817999
9.216644833732904,8.548628348900763,9.935734486121657,8.670565640905425,9.353067688833018,9.615300105589938,8.70515949184915,9.020103034105942,9.077505990385804,10.371179054752343
8.610914601508938,10.037451304995088,8.334294772433719,9.934355145689054,9.432967286994634,7.543893247201796,7.729643943516872,7.884917110469065,9.160012188216369,9.631974938819782
8.86529230906585,8.618228231959908,9.128237114483158,7.637973767115476,8.942921117944062,8.975557844914814,9.323393219498575,7.009732469683405,7.907922649647888,8.951373146405134
9.721041751271033,6.794085907936309,7.446829686866889,7.876475349807826,10.151705234967888,7.328268459107472,6.658849015567786,8.276295512061782,8.808116356957619,6.913093844871128
8.916079414629959,7.858420696051952,9.898154675136313,5.8130287322076155,7.607029509079741,8.386030076923594,8.143214953377878,9.22396654289321,9.358084000153974,9.3878313678733
9.842265393234483,8.83315474449693,9.893557457667649,10.43861761596148,9.702221977201013,9.898424744298387,10.27515840352534,8.80511945343668,8.600686897808599,8.543029628211432
7.90906408098287,8.527894775220615,8.667015927912763,7.803343061362248,7.7002099862894235,7.232718504403937,9.035533472913524,8.666288287599812,9.401030461740746,8.268271286002106
8.035439745206775,10.136577006928858,8.062163723988816,10.267123352364514,9.764726892231842,6.029011589248373,6.910486621529316,8.119154467623636,8.554585418568513,7.238257644824174
9.044849047059795,8.952793025550921,8.157904789744618,9.89191332693853,8.863956962530851,10.008058490049846,5.841541133546071,10.150461960099648,9.794691548883604,10.249274767380399
8.183515015638807,8.511979782102049,7.574274257484954,8.795656644434384,8.654988620737516,7.08708271153182,7.0685667071465135,8.957770552396568,9.462130114113169,7.590901418995156
7.2135274575476345,7.171485122177423,8.603293829405551,7.779879499505617,7.789325773208968,9.227456030459214,7.59169829985746,8.142748363793347,9.18412079528038,7.113998788904194
8.653916019009914,9.203313570671714,9.485529689855774,9.821144163178202,9.660124283089969,9.742175105159458,9.269059500334162,9.006901728038113,8.310575225220228,9.009517738326116
9.078644673310674,9.346952716123281,10.230155364205983,7.442069699167989,9.378773121596378,8.071570502054906,7.970666284507574,9.152448661185916,10.02160183657715,9.813413432868572
10.254481978396669,8.925512246174266,7.9010467660724695,8.634086358728275,9.856211985255184,9.006120285182751,9.216632470815325,8.977506951861802,8.247884426691737,8.535188140095553
8.966398844163193,9.127769762811246,9.39774441489486,8.677939726203975,9.088227806141795,9.175569527538697,10.535518343992216,7.929005942835071,9.089981107902831,10.16911376816899
5.526098498341153,7.910565792455096,6.3764113932274,6.127523597474018,5.873445253840677,5.008074225921975,4.810838682933274,5.894745512324735,5.554034544500442,5.315088145483865
6.976452338096757,6.797707257171243,6.922396728155541,6.8011444630215525,7.5696805713455015,7.082499274145476,7.009349173680264,6.553907885006291,7.119612269396046,7.299270463706829
8.052143628819614,8.265745002212634,3.967986410119316,7.808979281655218,8.174803736765634,8.061928355939271,7.316757071809122,7.597505903019037,8.264651957337257,9.449090710815009
9.100319247494486,8.307300806298205,7.192884243273651,9.219346283401324,7.96996475280832,6.442194892363319,10.139827860276815,7.7361137150214265,7.889215328995875,6.931044540345567
8.219930968844952,8.022512408681338,8.896046490280726,6.958860924180404,8.120830880771084,8.144781409448438,9.669091438271169,9.855059511414721,8.060184566401588,9.052064914076695
6.767989342552859,5.713530470068083,9.175372223062118,10.001425497557943,7.110314410532656,2.9567884206567125,7.05411579883471,7.14041229687367,5.9204981657713445,7.734694930775126
8.160988570617175,8.771644313566506,9.199109716336892,9.33288479903139,10.460942801303622,9.352289509731193,8.600279452698855,8.112809668917672,6.608510961008709,8.253520335101355
8.408060316335286,8.0176206119234,7.841699537030131,9.944895181650889,7.613428957449908,8.878070822382316,7.726401564780668,7.98183410726944,5.21357506981212,9.24741967387109
6.972112112734549,8.018306512392106,7.621596956256395,8.768569727860575,7.843504599571907,8.955164905475348,5.729807182290955,6.685851622667114,8.221572024090404,7.9704239625105435
8.358696014807053,10.191239941371203,8.367919888212205,7.77627121449831,6.994563677379363,7.277202168507538,8.147708948356636,8.096988058154055,9.23236654635863,7.9626191005815485
7.836534002777282,7.88185404211352,7.962164228119996,7.751845264572774,8.034549263954183,7.967594524229898,8.04533192085569,7.883179262314487,8.947410065644519,8.73335594211185
9.102757193388198,9.005986807860447,7.8997804682292765,6.430302511479012,4.509805682223602,5.029643920644525,6.78597565151402,8.079846716802024,5.972765936832604,7.54879373853582
7.025517695501607,8.238847191743536,7.026581005504784,6.259133073357097,7.375108868198954,6.148379364882279,6.398216450268762,7.354556390951773,7.5682312707856125,7.484007590784639
8.102126152178636,8.047228471401946,8.096259100101499,5.025138999432099,8.378868187949395,5.174679434506029,4.608834019979805,4.748190207910348,4.914182411830436,6.775429916116389
6.676390173380711,8.624108512351881,7.813849331496366,6.675133555257821,7.46918812581871,6.017423695654926,6.632781707995045,7.947712339187602,6.274707589524948,8.398634234650743
8.964991838553757,7.328660462079771,8.704285513636771,6.847145147529552,6.725977706222296,8.873510611428605,9.60195994077774,7.806764707377526,7.540929384549212,10.104962609768853
9.226526106094331,8.806965846266365,7.976651197599521,10.572225138436606,9.528567113221039,8.074026355269257,9.72436048710647,8.835455264633532,8.686060416395684,9.798039373073758
8.940183094647741,9.87415474751598,9.812476941861213,8.006149986170517,8.869628197859464,10.272956057004132,9.538096542801732,8.788286408956141,10.529874900719326,9.29418444188152
10.120083566854008,10.137263645421399,9.882937888001969,9.576510201014164,10.122650777732114,9.428346272859772,9.211908995643325,9.777475901274276,9.93318315182954,10.246473436506822
9.373809155035385,9.737680309066844,9.603385948532905,9.88788239277417,8.93625791452516,10.03848498647877,10.060713764485833,9.915476463783081,9.005308629568425,9.703778525929591
10.122545057000421,9.120203397216493,8.502822085465022,10.132845490782143,9.326994871909287,9.135905931396938,9.914377355671864,9.09779426937518,9.598008453704761,9.925827668957291
10.502742353871843,9.11606103015042,7.811751983403075,8.961573470948293,10.184284571271034,10.084318421309064,7.964220920114815,9.054486147804509,9.072465877727616,8.451965457673007
10.526724502988845,8.894287582264045,10.019158110818587,8.694979932776974,8.869301705847041,9.831387952465928,8.106080774329172,8.374453825879382,10.166764861878816,9.766579589300006
8.41037715340465,9.691478082215253,9.004893094546107,10.615537533446624,10.061049486122625,10.309379409188763,8.136911808560992,8.876154659252096,8.616428965337125,8.861782800066253
9.341286854236348,10.17470082810093,10.126766382194635,9.827429885999445,8.984654593484068,9.566543383586234,9.009266933398147,8.797313564202259,8.921277422878097,8.695711903373937
8.977225050637688,7.410726069972085,10.046145421425393,8.80144129237427,7.8585445628690875,9.401736789190904,9.62965869475011,8.605636633340344,9.223875610650742,10.111145824450073
9.083318850576775,9.871242953815806,8.812645289343696,9.055148004847226,9.050780914646333,9.492239458236126,9.414766116533807,9.259585437319586,10.086785247576323,9.098775631326092
10.358453843964348,9.475210502023016,10.225602535855318,8.91268495153771,8.004971261201243,10.072360588679915,9.205366133472914,9.83122917956663,8.997289291510254,7.525009861414438
6.775571818153844,7.683623332097152,8.93890686430871,7.949008500209302,8.607462306146981,9.079413631432088,9.242752012171806,9.224618503378377,7.598398294675498,8.960683127655162
9.625309977419995,9.511887588902969,9.384893092519265,8.038494188648713,8.222615219482083,8.022362906269128,9.10430813437895,7.984273836975424,7.386088749974428,7.884335405521237
6.954848528094143,6.760028757843318,8.135461802755756,8.955047312363519,7.676630868822746,9.117941339617087,9.92251677200689,8.076528175745745,9.944393594454155,8.974465880562489
7.672659292550907,9.619684387445083,8.123383706334504,9.88129169652042,7.925909774155071,9.031381109144641,8.23943978749653,9.986958993743885,8.198552680053005,10.675908400049359
9.574633421817994,8.889245776738493,9.140859922852696,8.34416122887275,9.533722496649734,8.782438034197474,7.255530521730434,7.784095596653131,8.066140408018333,7.364431864506406
9.894708331093728,9.212031887218066,10.467472282109048,9.237320847072404,10.107911531933139,9.066109562768334,8.959760818524078,10.39474205220894,8.822585230034749,8.568309020583103
7.868267328721192,8.455536546291862,9.40076979499469,10.149108349484761,8.33782688957342,8.135320552363444,8.110157124885536,9.007910023071293,9.129669916177777,8.256420061694984
8.1153118258315,9.30241827773629,9.086277531849547,7.588715405319245,6.528359428788026,6.771225415530006,6.480185046968847,7.73076497859026,7.144535507639587,9.587883491352693
6.486550200080532,5.357237402449376,5.531904573469884,5.221634255687096,6.037949141547413,6.81287849165311,7.274365169173294,5.875683898961767,5.970864060985097,7.7469547673453665
8.8594638404367,8.451551672432588,7.549030224032193,8.72028611985411,7.28347171438026,8.113098246998682,8.526406903874479,8.115626256555515,7.726197530917981,8.262551957717013
7.8814101278537505,9.287183602533428,8.348144924039257,10.19351631587896,9.28163527336391,8.193990538198085,8.235735224842921,8.25340160229558,8.250549511765325,7.802749594798094
7.601947505134903,7.428557499581167,7.56737204084327,9.028573386479286,7.55097507156805,8.225132671833528,7.543835854716946,9.013910154728066,9.322194736398052,9.251885051392435
6.638200590672937,6.053979084988777,5.896542276496396,6.990909201250296,7.761456166560452,6.290073456301065,8.27524557439403,8.146034704504851,6.121868634849794,5.963914470994662
9.206015087029831,8.94504218437488,9.389986121522204,8.967690129108846,7.5100696715750175,8.19431421342128,8.736901196245448,8.134372140571744,9.013830814533632,9.187699569555074
8.668241028366312,9.809259763566745,8.891523667238816,10.442039086063598,10.174753554112895,8.728056357072784,7.5769684251062746,10.597980635665234,7.586708476660139,8.238126457384402
8.485865028598125,8.292096552729271,7.419640385366656,8.118737176661707,7.251414368449012,8.702626235834183,7.149347146783411,8.169684294519973,8.31387031125574,10.052313571715544
8.455210895642558,7.79065440974739,10.198032092030768,8.993471416649527,8.726992645421166,10.048278977737713,7.880375124230184,8.984812142928465,10.502451732579415,7.909406133681393
8.9229722444291,9.095588645974415,8.67630086257579,9.248955950982733,7.880892573513196,9.144445931781128,10.531605037624068,8.325335107509787,10.46540824275127,8.943121592878391
7.280466585139026,8.757242300195385,9.20794860681986,9.8607545419771,8.790361358799544,7.845059341725706,8.5170922176895,8.633322905731648,7.894874924359037,6.794650051693268
8.94813323842513,10.187413791589417,10.103253425145281,10.210313798266592,9.09862992049858,7.923955038691995,10.425541201918284,7.886756826064451,7.7839439923841685,9.332282389475054
8.828631293671418,8.279239030051595,10.407325524007875,8.737853865124388,9.856136595689811,9.087592216774578,7.9225426582049225,9.082571127941199,8.90355761841868,8.92297644364571
8.688490868327902,7.822230237837577,9.300422273436203,7.897511282610801,8.142510063251796,8.77691329124572,8.12548144967614,8.292698127627592,7.320533087124313,8.926085298259109
